{
	"schemaVersion": 1,
	"id": "spaminthechat",
	"version": "${version}",
	"name": "spaminthechat",
	"description": "This is an example description! Tell everyone what your mod is about!",
	"authors": [
		"Me!"
	],
	"contact": {
		"homepage": "https://fabricmc.net/",
		"sources": "https://github.com/FabricMC/fabric-example-mod"
	},
	"license": "CC0-1.0",
	"icon": "assets/spaminthechat/icon.png",
	"environment": "*",
	"entrypoints": {
		"main": [
			"spam.spam.ExampleMod"
		],
		"client": [
			"spam.spam.ExampleModClient"
		]
	},
	"mixins": [
		"spaminthechat.mixins.json",
		{
			"config": "spaminthechat.client.mixins.json",
			"environment": "client"
		}
	],
	"depends": {
		"fabricloader": ">=0.14.21",
		"minecraft": "~1.19.4",
		"java": ">=17",
		"fabric-api": "*"
	},
	"suggests": {
		"another-mod": "*"
	}
}